brandade,poisson emietté
brandade,poisson emietté
brandade,poisson emietté
brandade,poisson emietté
brandade,poisson emietté
brandade,poisson emietté
brandade,poisson emietté
brandade,poisson emietté
brandade,poisson emietté
brandade,poisson emietté
brandade,poisson emietté
brandade,poisson emietté
brandade,poisson emietté
brandade,poisson emietté
brandade,poisson emietté
brandade,poisson emietté
brandade,poisson emietté
brandade,poisson emietté
brandade,poisson emietté
brandade,poisson emietté
brandade,poisson emietté
LLLLL,DDDDDD
couscous,couscous poisson tunisien
